ID,Title,Location,Summary
47328923,소프트웨어 개발 (Java&Python) 신입 및 경력 모집,서울강남구,"Python, 앱개발, 웹개발, 알고리즘, HTML 외 수정일 24/01/15"
47248703,"Python/PHP개발자, 디자이너, 퍼블리셔, 기획자 신입/경력",서울강남구,"Python, 백엔드/서버개발, 앱개발, 웹개발, 퍼블리셔 외 수정일 23/12/27"
47378030,특허/상표 데이터 등 분석(Python) 및 사업 기획 모집,서울강남구,"Python, 데이터분석가, 머신러닝, 빅데이터, 크롤링 외 등록일 24/01/15"
47293553,C# / Python / JAVA 소프트웨어 개발자 채용 (신입/경력),경기용인시 기흥구,"Python, 백엔드/서버개발, 프론트엔드, 딥러닝, 머신러닝 외 등록일 24/01/03"
47086157,[재택근무] REACT · PHP · PYTHON 개발자 채용,서울양천구,"Python, 백엔드/서버개발, 앱개발, 웹개발, 퍼블리셔 외 수정일 24/01/15"
47138479,[주4.5일] Python 개발직무 경력 채용,서울구로구,"Python, 백엔드/서버개발, 데이터마이닝, 딥러닝, 머신러닝 외 수정일 23/12/29"
47262388,[500만의 선택 데이트팝] Python 백엔드 개발자(주니어)/산업기능요원(보충역)/병역특례/전직 가능,서울서초구,"Python, 백엔드/서버개발, 웹개발, SE(시스템엔지니어), 인프라 외 수정일 24/01/12"
42358916,"[패스오더] 백엔드 개발자 (Spring, Python, MSA) (병역특례/산업기능요원/보충역/전직)",서울강남구,"Python, 백엔드/서버개발, 웹개발, DBA, SE(시스템엔지니어) 외 수정일 24/01/12"
47284051,python/Django 웹개발자 (신입/경력) 채용,서울송파구,"Python, 웹개발, 모델링, 클라우드, Django 외 수정일 24/01/03"
47325114,"[경력/신입] 빅데이터 웹 개발-Python,Java(정규직) 채용",대전대덕구,"Python, 백엔드/서버개발, 웹개발, SI개발, 데이터시각화 외 수정일 24/01/08"
47369997,"프로그래밍(JAVA, Python) / 디자인 / OA / 회계 분야 강사 채용",충북청주시 상당구,"Python, 데이터분석가, 백엔드/서버개발, 앱개발, 웹개발 외 등록일 24/01/15"
47357407,"데이터분석/머신러닝,딥러닝 개발/파이썬(Python)개발자",서울금천구,"Python, 알고리즘, Keras, Pytorch, Tensorflow 외 등록일 24/01/12"
47385526,파이썬(Python) 백엔드 개발자 모십니다,서울강남구,"Python, 백엔드/서버개발, 앱개발, 프론트엔드, Android 외 등록일 24/01/16"
47373757,Back-End Engoneer (Python/Django),서울마포구,"Python, 백엔드/서버개발, 웹개발, 인프라, AWS 외 등록일 24/01/15"
47365385,[로앤굿] 백엔드 개발자 (Python) (주니어),서울서초구,"Python, 백엔드/서버개발, 웹개발, 클라우드, API 외 수정일 24/01/12"
46726552,"Data Engineer (Python, SQL)",서울전체,"Python, SE(시스템엔지니어), 데이터마이닝, 데이터시각화, 빅데이터 외 수정일 24/01/12"
47347257,Python S/W 개발,경기고양시 일산동구,"Python, C#, Linux, 임베디드리눅스, 솔루션 외 등록일 24/01/10"
47216866,[SNA] Python 가능 경력 사원 모집,서울성동구,"Python, 기술지원, 웹개발, SE(시스템엔지니어), 인프라 외 수정일 24/01/12"
47210895,[카카오자회사] 카카오i AI 플랫폼 개발 및 운영 (Python 개발),경기성남시 분당구,"Python, 백엔드/서버개발, 앱개발, 웹개발, API 외 등록일 23/12/19"
47396701,[코레이즈] Python (Flask) 웹 개발자 채용 (신입),서울성동구,"Python, 백엔드/서버개발, 웹개발, 프론트엔드, DBMS 외 수정일 24/01/17"
47383105,헬리오센(주) Python 응용S/W 개발자 경력 채용,경기성남시 분당구,"Python, 백엔드/서버개발, 프론트엔드, C#, C++ 외 등록일 24/01/16"
47375136,Python 개발자 정규직 채용,서울강서구,"Python, Docker, Git, React, RestAPI 외 등록일 24/01/15"
41068534,"[패스오더] 백엔드 개발자(Spring, Python, MSA)",서울강남구,"Python, 백엔드/서버개발, 웹개발, SE(시스템엔지니어), 인프라 외 수정일 24/01/17"
47024791,[안랩-제이슨] Python 파이썬 개발자 영입,서울마포구,"Python, 데이터엔지니어, 딥러닝, 머신러닝, 빅데이터 외 수정일 23/12/26"
47324969,"빅데이터 시스템 개발-Python,Java(정규직) 채용",대전대덕구,"Python, 백엔드/서버개발, 웹개발, SI개발, 데이터시각화 외 수정일 24/01/08"
47160188,"PHP, Node.js, Python 백엔드 개발자 채용",서울마포구,"Python, 백엔드/서버개발, 웹개발, AWS, Django 외 수정일 23/12/12"
47254400,"개발자(System Engineer, Python) 모집 공고",대구달성군,"Python, SE(시스템엔지니어), 솔루션, 인터페이스, 라즈베리파이 외 수정일 24/01/10"
47332138,Solution/SW 개발자 채용 - Java/Python(경력),서울강남구,"Python, 웹개발, 프론트엔드, S/W, Java 외 수정일 24/01/12"
47337295,솔루션 S/W 개발자 모집(Python/Django),서울송파구,"Python, Git, 네트워크, API, S/W 외 수정일 24/01/11"
47263260,"Python/PHP개발자, 디자이너, 퍼블리셔, 기획자 신입/경력",서울강서구,"Python, 딥러닝, 퍼블리셔, 클라우드, API 외 수정일 24/01/08"
47306707,[SC301의원삼성동/코엑스]웹개발자(경력/Python실력자우대),서울강남구,"Python, 데이터분석가, 데이터엔지니어, 백엔드/서버개발, 앱개발 외 수정일 24/01/05"
47011976,"python,인공지능개발자 신입/경력채용[정규직]",대전유성구,"Python, 딥러닝, AI(인공지능), 알고리즘, SI·시스템통합 외 수정일 23/11/20"
47231987,[SYM헬스케어] Python백엔드 / UI개발자를 모십니다.,서울성북구,"Python, 백엔드/서버개발, 프론트엔드, RDBMS, Qt 외 수정일 23/12/26"
47214301,마스코리아(주) Python 시스템 개발자 신입 및 경력사원 채용,서울강남구,"Python, IT컨설팅, 딥러닝, MySQL, Pytorch 외 수정일 24/01/05"
47282718,"E-wallet서비스 백엔드 개발팀 대리,과장급 (Python, Django)",대구수성구,"Python, 백엔드/서버개발, 웹개발, 유지보수, 프론트엔드 외 등록일 24/01/02"
47283764,[Bepro] 백엔드 개발자 (Python/Django) 채용공고,서울종로구,"Python, 백엔드/서버개발, Django, 프론트엔드, 네트워크 외 등록일 24/01/02"
47041556,2023년 하반기 AI(인공지능)/Python/빅데이터外 채용합니다,서울마포구,"Python, 머신러닝, 빅데이터, AI(인공지능), DW 외 수정일 23/11/30"
47391766,"머신비전 개발자 , C/C++/C#, OpenCV, MIL, PYTHON, 딥러닝",경기용인시 기흥구,"Python, 머신러닝, 빅데이터, S/W, AI(인공지능) 외 등록일 24/01/17"
47396900,"특허데이터 분석(Python, 엑셀, PPT 활용) 직원 모집",서울강남구,"Python, 데이터분석가, 데이터시각화, 특허분석, 데이터분석 외 등록일 24/01/17"
47106491,[인텔리전스랩스] MLOps팀 백엔드 개발자 (Python/Go),경기성남시 분당구,"Python, 백엔드/서버개발, 네트워크, 머신러닝, 알고리즘 외 수정일 23/12/15"
46894201,Python SW 설계,경기고양시,"Python, SE(시스템엔지니어), S/W, C#, Linux 외 수정일 24/01/12"
47336727,"광고솔루션 JAVA, Python 백앤드개발자 경력자 모집",서울서초구,"Python, 백엔드/서버개발, 솔루션, 클라우드, API 외 수정일 24/01/09"
46604451,[파운트/핀테크] RA(로보어드바이저) 백엔드 개발자(Python),서울중구,"Python, 백엔드/서버개발, 웹개발, DBA, SE(시스템엔지니어) 외 수정일 24/01/12"
47132987,Python 개발자 모집(경력) - 정규직,서울영등포구,"Python, 데이터분석가, 빅데이터, CSS, SQL 외 수정일 23/12/07"
47205644,"Python, Oracle, Pandas, SQL 3년이상 경력자 모집",서울영등포구,"Python, 데이터분석가, 빅데이터, CSS, Pandas 외 등록일 23/12/19"
47272460,차량용 Software Test 자동화 개발(Python) 및 검증,인천서구,"Python, RPA, S/W, R, 솔루션업체 외 등록일 24/01/02"
46697604,"코박(Cobak) 백엔드 개발자 [3년 이상](Python,Django)",경기전체,"Python, 백엔드/서버개발, 웹개발, Django, Git 외 수정일 24/01/12"
46665279,"백엔드 엔지니어(Python, Kotlin)",서울서초구,"Python, 백엔드/서버개발, 웹개발, DBA, Django 외 수정일 24/01/12"
47395905,"[내일배움캠프] AI 트랙 튜터 (Python, Django, 알고리즘 활용)",서울강남구,"Python, 알고리즘, Django, 인터넷교육 등록일 24/01/17"
47199811,응용 소프트웨어 개발자(PYTHON) 경력직 채용,경기하남시,"Python, 웹개발, 파워빌더, C++, C언어 외 수정일 24/01/16"
47373708,SM유지보수 Python AI 운영(충북진천) 2월 근무시작,경기성남시 분당구,"Python, 유지보수, 빅데이터, AI(인공지능), Javascript 외 수정일 24/01/15"
47343432,[TenCL] 텐씨엘 기업부설연구소 개발자(Python/AI) 채용,서울강남구,"Python, 백엔드/서버개발, 딥러닝, 머신러닝, 빅데이터 외 등록일 24/01/10"
47359333,"PLM시스템 개발/운영 경력 채용(JAVA, Python)",서울금천구,"Python, C#, Java, MySQL, 솔루션 외 등록일 24/01/12"
45931103,"웹개발자(Python, DJango)",서울성동구,"Python, 백엔드/서버개발, 웹개발, 블록체인, Django 외 수정일 24/01/12"
47138635,[울산] 영상처리 개발자 (Python),울산전체,"Python, 백엔드/서버개발, 웹개발, 프론트엔드, SE(시스템엔지니어) 외 수정일 24/01/12"
47340879,[광고대행사] Python 개발자 (경력 1~5년),서울송파구,"Python, S/W, API, C#, C++ 외 등록일 24/01/10"
46962590,Python/Django 백엔드 개발자 (2년 이상),서울마포구,"Python, 백엔드/서버개발, 웹개발, SE(시스템엔지니어), 검색엔진 외 수정일 24/01/12"
47306551,"[경력] Solution/SW개발자 채용 - Java, Python",서울강남구,"Python, 웹개발, S/W, 솔루션, Java 외 수정일 24/01/17"
44768051,서버 엔지니어 (Python),서울강남구,"Python, 백엔드/서버개발, 웹개발, 프론트엔드, Django 외 수정일 24/01/12"
47214967,"파이썬 경력 개발자 채용 (Python, AWS)",서울관악구,"Python, 백엔드/서버개발, 앱개발, 웹개발, 솔루션 외 수정일 23/12/20"
47352911,대형저축은행 디지털금융빅데이터팀원 (R/Python/SAS/SQL) 채용,서울강남구,"Python, 데이터분석가, R, SAS, SQL 외 등록일 24/01/11"
47051703,ROS2/Vision/MFC/C# Python Tensorflow CUDA yolo v5 개발직,충남천안시 동남구,"Python, S/W, C#, VisualC·C++, C++ 외 등록일 23/11/25"
47333605,웹/앱 백엔드개발자(Python) 채용,경기성남시 분당구,"Python, 백엔드/서버개발, 클라우드, API, AWS 외 등록일 24/01/09"
46266536,"백엔드 개발자(Python, Django)",경기전체,"Python, 백엔드/서버개발, 웹개발, 퍼블리셔, 프론트엔드 외 수정일 24/01/12"
47023378,"[어터] 백엔드 개발자(Python, Django) 채용",경기성남시 분당구,"Python, 백엔드/서버개발, API, AWS, CSS 외 수정일 23/12/22"
47309598,"Sr. Back-end Engineer (백엔드 개발자, Python) - 글로벌 IT",서울강남구,"Python, 백엔드/서버개발, 웹개발, 모델링, 클라우드 외 등록일 24/01/05"
47383118,Developer(Python/JAVA 프로그래밍 언어 능숙자),경기성남시 분당구,"Python, Java, 웹개발, 인프라, DevOps 외 등록일 24/01/16"
46846645,"C#, C++, Python, Arduino, Raspberry Pi 개발자",서울전체,"Python, 웹개발, 임베디드, H/W, S/W 외 수정일 24/01/12"
47132094,"SQA/자동화(CAPL, Python) 정규직 채용(신입/경력) - 대전근무",대전유성구,"Python, QA/테스터, SQA, Micom, 회로설계 외 등록일 23/12/07"
47283836,[본사-US California] 중급이상 프리랜서 Python Back-end 개발,미국미국,"Python, 백엔드/서버개발, API, DBMS, RDBMS 외 등록일 24/01/03"
47104080,"[치코톡] 이커머스 AICC 개발팀 ( DB, Python, Back-End, ) 채용",서울중구,"Python, 데이터엔지니어, 백엔드/서버개발, 데이터라벨링, NLU(자연어이해) 외 수정일 24/01/05"
47327976,"[치코셀] 온라인쇼핑몰 개발팀 ( Python, 백엔드, DB ) 채용",서울중구,"Python, 백엔드/서버개발, 빅데이터, 전자상거래 등록일 24/01/08"
47223513,"백엔드 개발자(Python, Django) 경력 채용",서울성동구,"Python, 백엔드/서버개발, 유지보수, 프론트엔드, 인프라 외 수정일 24/01/04"
47367766,python 개발자(지능형 영상분석 솔루션 개발),세종특별자치시,"백엔드/서버개발, 웹개발, Django, Flask, 솔루션 외 수정일 24/01/15"
47305918,(인천 송도 근무) 파이썬 개발자 신입 사원 채용,인천연수구,"Python, 기술지원, 백엔드/서버개발, 앱개발, 웹개발 외 수정일 24/01/05"
47391459,백엔드/파이썬개발자,인천부평구,"Python, 백엔드/서버개발, 크롤링, API, Django 외 등록일 24/01/17"
47393589,빅데이터 과제 개발을 위한 분석 및 개발(파이선) 신입,세종특별자치시,"Python, 빅데이터, 솔루션, ERP, SI·시스템통합 등록일 24/01/17"
47075066,파이썬 기반 로봇 어플리케이션 개발자,서울중구,"Python, 신경망, 알고리즘, C++, Linux 외 수정일 24/01/10"
47231122,(전액무료)빅데이터 융합 자바&파이썬 인공지능(AI) 풀스택 개발자 양성과정,서울구로구,"Python, 데이터분석가, 백엔드/서버개발, 앱개발, 웹개발 외 수정일 23/12/22"
47162938,인공지능 MLOps 플랫폼 백엔드 개발자 (파이썬/3년 이상),서울강남구,"Python, 백엔드/서버개발, 프론트엔드, 클라우드, R 외 수정일 23/12/12"
46701127,파이썬 프로그램 개발자,서울성동구,"Python, 백엔드/서버개발, 웹개발, SE(시스템엔지니어), Linux 외 수정일 24/01/12"
46849139,파이썬 개발자 (3년차 이상),서울서초구,"Python, 백엔드/서버개발, 웹개발, DBA, SE(시스템엔지니어) 외 수정일 24/01/12"
47255130,파이썬 백엔드 개발자,서울강남구,"Python, 백엔드/서버개발, Angular, React, Vue.js 외 수정일 23/12/28"
47288399,C# /C++/파이선 프로그램 사용가능자 모집,경기부천시,"Python, C#, C++, 기계, 메카트로닉스 등록일 24/01/03"
47146943,빅데이터처리 가능한 개발자를 모집합니다. (파이썬/ETL),서울서초구,"데이터엔지니어, 백엔드/서버개발, 빅데이터, ETL, DW 외 등록일 23/12/11"
47258992,[K-Digital Training] (빅데이터/AI/파이썬/자바) 강사 채용,서울금천구,"데이터분석가, 데이터엔지니어, 백엔드/서버개발, 앱개발, 웹개발 외 등록일 23/12/28"
47286764,어린이 파이썬/C언어/JAVA 코딩강사 채용,경기광주시,"학원강사, IT강사, 컴퓨터교육, 보습학원, 코딩 외 수정일 24/01/03"
47247205,"AI기반 EC(e-commerce)자바, 파이썬 개발과정 강사님 모십니다.",경기성남시 중원구,"IT강사, IT학원 등록일 23/12/27"
47376282,[경기도 분당근무] 비글즈 AI 개발자 신입/경력 채용,경기성남시 분당구,"Python, AI(인공지능), AI(인공지능), 머신러닝, 챗봇 외 등록일 24/01/15"
47320874,2024년 1분기 캐논코리아 정기신입사원(채용연계형인턴)모집,서울강남구,"Python, 데이터엔지니어, 백엔드/서버개발, 보안컨설팅, 앱개발 외 수정일 24/01/09"
47299344,캐논코리아 각 부문 채용,서울강남구,"Python, 기술지원, SE(시스템엔지니어), Linux, React 외 수정일 24/01/04"
47383305,2024년 1분기 현대오토에버 신입/경력사원 채용,서울강남구,"Python, 기술지원, 데이터분석가, 백엔드/서버개발, 보안컨설팅 외 수정일 24/01/16"
47302678,2024년 1분기 경력사원 수시채용,서울종로구,"Python, R, 기업회계, 예산관리, 외환관리 외 수정일 24/01/05"
47290761,2024년도 각 부문 신입/경력 채용공고,서울전체,"Python, 백엔드/서버개발, 프론트엔드, 네트워크, 블록체인 외 수정일 24/01/08"
47380966,2024년 신입 및 경력 채용,경기성남시 분당구,"Python, 유지보수, 퍼블리셔, SE(시스템엔지니어), 머신러닝 외 수정일 24/01/17"
47301726,풀무원 각 부문 경력•신입 모집,서울강남구,"Python, 데이터분석가, 백엔드/서버개발, 앱개발, 웹개발 외 수정일 24/01/05"
47065292,어드밴텍케이알㈜ 신입/경력 채용,서울강서구,"Python, 기술지원, 데이터엔지니어, 웹개발, 웹마스터 외 수정일 23/11/29"
47354069,아진P&P 2024년 상반기 공개채용,대구달성군,"Python, 데이터엔지니어, 백엔드/서버개발, 앱개발, 웹개발 외 수정일 24/01/17"
47354843,(주)네패스그룹 '24년 상반기 채용연계형인턴 모집 공고,충북청주시 청원구,"Python, 앱개발, 웹개발, 유지보수, 머신러닝 외 수정일 24/01/15"
47274162,[주 3일 원격근무] 비상교육 1월 전체직무 수시채용,서울구로구,"Python, Windows, HTML, Java, 전산회계 외 수정일 24/01/02"
47243971,도미노피자 각 부문 (자회사 포함) 공개 채용,서울강남구,"Python, 기술지원, 데이터분석가, 데이터엔지니어, 백엔드/서버개발 외 수정일 23/12/29"
47278300,2024 ROOTECH 신입/경력사원 인재영입 (연구개발/기술영업/품질관리/경영지원),경기수원시 영통구,"Python, 기술지원, 데이터엔지니어, 백엔드/서버개발, 앱개발 외 수정일 24/01/15"
47290265,2024년도 부문별 신입/경력 채용,충남천안시 서북구,"Python, .NET, C#, Java, MSSQL 외 수정일 24/01/15"
47154630,㈜위즈코리아/㈜위즈COK '24년 상반기 신입/경력 사원 모집,서울강서구,"Python, 백엔드/서버개발, 웹개발, 정보보안, 퍼블리셔 외 수정일 24/01/12"
47288127,[코스닥상장] ㈜젬백스링크 & ㈜젬백스링크아이 해외패션사업부 및 IT사업부 각 담당자 채용,서울영등포구,"Python, 기술지원, 데이터분석가, 데이터엔지니어, 백엔드/서버개발 외 수정일 24/01/05"
47312067,(주)리파인 각 부문별 신입/경력 채용공고,서울강남구,"Python, 데이터분석가, 데이터엔지니어, 백엔드/서버개발, 유지보수 외 수정일 24/01/12"
47354585,SFA 2024년 1차 공개채용 (2월12일 접수마감),경기화성시,"Python, 데이터분석가, 머신러닝, 영상처리, 컴퓨터비전 외 등록일 24/01/11"
47359908,2024년 상반기 아이브릭스 분야별 신입/경력 대규모 채용,경기성남시 분당구,"Python, 데이터분석가, 데이터엔지니어, 백엔드/서버개발, 앱개발 외 수정일 24/01/12"
46920638,"[패스오더] 투자 혹한기속 신규 투자 유치, 2024 대규모 채용",서울강남구,"Python, 데이터분석가, 데이터엔지니어, 백엔드/서버개발, 유지보수 외 수정일 23/11/17"
47381811,전자금융기업 / 핀테크기업 / java 개발자 채용공고,서울전체,"Python, 백엔드/서버개발, 웹개발, 프론트엔드, DBA 외 수정일 24/01/16"
47346338,스탠다드에너지 공개채용,대전유성구,"Python, 임베디드, 펌웨어, ERP, Java 외 수정일 24/01/11"
47376515,[서울대병원 1호 스타트업] 각 부문별 신입/경력 인재 모집(수시채용),서울종로구,"Python, 데이터분석가, 데이터엔지니어, 백엔드/서버개발, 프론트엔드 외 수정일 24/01/15"
47378605,[신입] Java/Spring 기반 웹/ERP/MES 개발자 (3년 이하),서울송파구,"Python, 백엔드/서버개발, 웹개발, ERP, Java 외 등록일 24/01/15"
47354293,2024년 각 부문별 경력직 채용 (서울),서울강남구,"Python, 데이터분석가, 백엔드/서버개발, 보안컨설팅, 정보보안 외 수정일 24/01/12"
47381231,"밸류플러스, 밸류플러스테크놀러지, 밸류플러스 베트남 각 부문별 인재모집",경기성남시,"Python, S/W, C#, Linux, MySQL 외 수정일 24/01/16"
47371779,2024년도 03월 별정직(계약직) 직원 모집,충남천안시,"Python, 머신러닝, 빅데이터, 임베디드, 자율주행 외 수정일 24/01/16"
47374967,Junior DBA,서울강남구,"Python, DBA, 네트워크, AWS, C++ 외 수정일 24/01/15"
47382639,(주)유한양행 부문별 상시채용(IT),서울동작구,"Python, 백엔드/서버개발, 앱개발, 웹개발, 프론트엔드 외 수정일 24/01/16"
47252566,2024년 1월 NE능률 신입 및 경력(수시) 채용,서울마포구,"Python, 백엔드/서버개발, 보안컨설팅, 유지보수, 정보보안 외 수정일 24/01/01"
47324510,로지스부문 1월 수시채용,서울송파구,"Python, SE(시스템엔지니어), SAP, R, 계산서발행 외 수정일 24/01/16"
47277543,㈜푸드테크 상반기 신입/경력 전부문 채용,서울강남구,"Python, 데이터분석가, 데이터엔지니어, 웹개발, 웹마스터 외 수정일 24/01/02"
47320497,[하나금융그룹 자회사] 경력직 수시 채용,서울중구,"Python, 백엔드/서버개발, 웹개발, 정보보안, 퍼블리셔 외 수정일 24/01/08"
46708407,"2배씩 성장, 업계 최대 대우(PD·작가·AE·디자이너·경영지원)",서울강남구,"Python, 데이터분석가, 데이터엔지니어, 앱개발, 웹개발 외 수정일 24/01/04"
47357824,[사세확장] 각 부서별 정규직 채용,경기김포시,"Python, 기술지원, 데이터분석가, 데이터엔지니어, 백엔드/서버개발 외 수정일 24/01/12"
47354224,[HL Klemove] 2024 상반기 1차 수시채용,경기성남시 수정구,"시설관리, R&D, 생산관리, PM(프로젝트매니저), 개발구매 외 등록일 24/01/11"
47310712,[348억 투자 유치/IPO추진기업] [이그니스]랩노쉬 2024 공개채용,서울성동구,"CFA, CFO, IR/공시, 관리회계, 세무회계 외 수정일 24/01/10"
47305159,24년 상반기 두산테스나 신입사원 공개채용,경기성남시 분당구,"세무사, 회계사, 기업회계, 세무신고, 세무회계 외 등록일 24/01/05"
47322061,[취업연계] 국비무료 채용예정자 양성과정 교육생 모집,충북전체,"Python, 기술지원, 데이터분석가, 데이터엔지니어, 백엔드/서버개발 외 수정일 24/01/08"
47327248,[네오플] 게임그래픽 직군 분야별 모집,제주제주시,"Python, 게임개발, 모델링, 게임디자인, 모바일디자인 외 등록일 24/01/08"
47299381,에이엠텔레콤㈜ 신입/경력 채용 모집,경기성남시 분당구,"Python, 기술지원, 데이터분석가, 데이터엔지니어, 백엔드/서버개발 외 수정일 24/01/05"
47370206,2024년 상반기 각 부문 신입/경력 상시 채용,서울서초구,"Python, 기술지원, 데이터분석가, 데이터엔지니어, 백엔드/서버개발 외 수정일 24/01/15"
47265956,"[앤씨앤/넥스트칩] 2024년 1월 연구소, 영업마케팅 각 부문 모집",경기성남시 분당구,"Python, 데이터분석가, 데이터엔지니어, 백엔드/서버개발, 앱개발 외 수정일 24/01/16"
47362106,2024 FM커뮤니케이션즈 상시채용,서울서초구,"Python, 백엔드/서버개발, 딥러닝, API, AI(인공지능) 외 수정일 24/01/12"
47375112,[NICE디앤비] 2024년 1분기 수시채용,서울마포구,"Python, 기술지원, 유지보수, CISO, 네트워크 외 등록일 24/01/15"
47209218,"IT개발, 보안, 인프라 경력자 채용",서울강서구,"Python, 보안컨설팅, 정보보안, 인프라, DBMS 외 수정일 24/01/11"
47325297,생물정보분석(Bioinformatics) 직원 채용(신입/경력),서울강서구,"Python, 데이터분석가, 데이터엔지니어, 머신러닝, 알고리즘 외 수정일 24/01/08"
47380321,[수산그룹] 수산INT 개발직군 모집,서울강남구,"Python, 데이터분석가, 백엔드/서버개발, 보안컨설팅, 웹개발 외 수정일 24/01/16"
47387754,"SW,제어,시스템 엔지니어,레이저공정개발,영업 인재 채용",경기화성시,"Python, 앱개발, 유지보수, SE(시스템엔지니어), 딥러닝 외 수정일 24/01/17"
47342279,"피에이치에이 (구, 평화정공) 수원연구소 수시 채용",경기수원시 영통구,"Python, 알고리즘, H/W, S/W, Matlab 외 등록일 24/01/10"
47354621,SFA 2024년 특별채용 우수 전문학사 (2/12 접수마감),충남아산시,"Python, C#, C++, C언어, Pytorch 외 등록일 24/01/11"
47322053,(주)더캐리 정보혁신부 IT부문별 공개채용,서울용산구,"Python, 백엔드/서버개발, 앱개발, 웹개발, 프론트엔드 외 수정일 24/01/08"
47382939,[다나와] 커넥트웨이브 각 부문별 수시채용 (신입/경력),서울양천구,"Python, 백엔드/서버개발, 앱개발, 웹개발, 프론트엔드 외 등록일 24/01/16"
47386997,[티사이언티픽] 미들웨어 운영자 채용(경력),경기안양시 만안구,"Python, 미들웨어, 인프라, DBMS, Apache 외 등록일 24/01/16"
47310460,[사이넷] 스포츠 데이터 분석가 (주 4일제),서울송파구,"Python, 데이터분석가, 데이터시각화, API, SQL 외 수정일 24/01/08"
47335992,"(주)바디프랜드 부문별(데이터 분석. VIP 마케팅, 플라워 업무, 배송관리) 채용",서울강남구,"Python, 데이터분석가, 데이터엔지니어, 데이터라벨링, 데이터마이닝 외 수정일 24/01/11"
47354574,"[코스닥상장사] AI신약 전략기획, 플랫폼개발 신입/경력 채용",대전유성구,"Python, 기술지원, 백엔드/서버개발, 앱개발, 웹개발 외 수정일 24/01/11"
47376760,[뉴로메카] 제품개발(SW)담당자 채용,서울성동구,"Python, 백엔드/서버개발, 프론트엔드, API, Android 외 등록일 24/01/15"
47280136,2024년 에스피파트너스 상반기 채용 공고,대구동구,"Python, 데이터분석가, 데이터엔지니어, 웹개발, 데이터마이닝 외 수정일 24/01/09"
47327016,[CMES] 에너지본부(이차전지 검사사업부) 전 분야 채용,서울전체,"Python, 기술지원, 유지보수, SE(시스템엔지니어), SI개발 외 수정일 24/01/09"
47341352,[경기지역] 2024년 에스피파트너스 상반기 채용 공고,경기수원시 팔달구,"Python, 데이터분석가, 데이터엔지니어, 웹개발, 데이터마이닝 외 등록일 24/01/10"
47187772,[Thundersoft Korea] 2024 썬더소프트코리아 SW인재(경력/신입),경기성남시 분당구,"Python, 백엔드/서버개발, 앱개발, 프론트엔드, QA/테스터 외 수정일 24/01/16"
47292977,2024년 상반기 신입 및 경력 대규모 채용,서울금천구,"Python, 웹개발, MySQL, PHP, 사무직 외 수정일 24/01/03"
47282481,[구로디지털단지역/7.5시간근무/정규직전환] 개발 및 운영지원,서울구로구,"Python, 기술지원, 백엔드/서버개발, 보안컨설팅, 웹개발 외 수정일 24/01/15"
47324715,[다우키움그룹사/본사] 다우기술 IT운영 엔지니어 모집,경기성남시 수정구,"Python, 기술지원, 데이터엔지니어, 앱개발, 웹마스터 외 등록일 24/01/08"
47345141,[대기업/시청역/복지최상] 시스템 개발 및 유지보수(전산팀),서울중구,"Python, 기술지원, 웹개발, 웹마스터, 유지보수 외 수정일 24/01/15"
47336462,[부산/신입] 데이터분석팀 - 데이터 분석가,부산해운대구,"Python, 데이터분석가, 프론트엔드, 데이터마이닝, 머신러닝 외 등록일 24/01/09"
47377924,[자율주행 선행연구실] 기술기획 담당자 및 선행 연구원 채용,경기안양시 동안구,"Python, 자율주행, S/W, 연구원, R&D 외 등록일 24/01/15"
47383044,[한미약품관계사] (주)제이브이엠 SW팀(머신비전/영상처리) 모집,대구달서구,"Python, C#, C++, C언어, Java 외 수정일 24/01/16"
47370155,소프트웨어 개발자 ( 보충역 병역특례 가능 ),서울전체,"Python, 백엔드/서버개발, 앱개발, 웹개발, 정보보안 외 등록일 24/01/15"
47375797,2024 상반기 금융 사업팀 개발자 신입/경력 직원 채용,서울구로구,"Python, 웹개발, SI개발, Java, Javascript 외 수정일 24/01/15"
47386039,제조업(축산업 전반) 데이터분석 IT 관리 정보보안 담당자 모집,전북익산시,"Python, 기술지원, 데이터분석가, 유지보수, 정보보안 외 수정일 24/01/16"
47165911,(주)덱스터스튜디오 VP본부 채용,서울마포구,"Python, 모델링, AR(증강현실), VR(가상현실), C++ 외 등록일 23/12/12"
47358721,웹 솔루션 신입 및 경력직 개발자 채용,서울마포구,"Python, 백엔드/서버개발, 앱개발, 웹개발, .NET 외 수정일 24/01/15"
47371078,(주)앰진 IT 백엔드 신입·경력 채용공고,서울송파구,"Python, 데이터분석가, 백엔드/서버개발, 프론트엔드, 빅데이터 외 등록일 24/01/15"
47301952,머신러닝 개발자 채용- DL/ML 기반 데이터 분석,서울용산구,"Python, 데이터분석가, 데이터엔지니어, 머신러닝, AI(인공지능) 외 수정일 24/01/04"
47345084,(주)와이지비에스 백엔드 개발자 신입/경력 채용,서울마포구,"Python, 백엔드/서버개발, 앱개발, 웹개발, 프론트엔드 외 등록일 24/01/10"
47337716,[빅밸류] 개발팀(Back-End Development) 채용공고,서울중구,"Python, 백엔드/서버개발, AWS, Java, MariaDB 외 등록일 24/01/09"
47141584,각 부문별 경력/신입 채용,경기용인시 기흥구,"Python, 백엔드/서버개발, 프론트엔드, 빅데이터, 아두이노 외 수정일 24/01/04"
47353464,조선해양분야 응용시스템 개발 전문가 신입/경력,경남거제시,"Python, IT컨설팅, 모델링, SAP, ABAP 외 수정일 24/01/11"
47394468,인프라 서버관리 신입/경력 채용,서울전체,"Python, 백엔드/서버개발, 웹개발, 프론트엔드, DBA 외 등록일 24/01/17"
47312587,2024년 상반기 각 부문별 신입/경력 모집,경기화성시,"Python, 자율주행, 정보통신, 펌웨어, MCU 외 수정일 24/01/05"
47340140,아이스크림아트 부문별 신입/경력 채용,서울강남구,"Python, 데이터분석가, 데이터엔지니어, 백엔드/서버개발, 웹개발 외 수정일 24/01/17"
47106002,데이터 사이언티스트 및 데이터분석가 채용,서울강남구,"Python, 데이터분석가, 데이터마이닝, 데이터시각화, 빅데이터 외 등록일 23/12/04"
47289583,[신입/경력] 이동통신 사업자 ICT 시스템 개발,서울강남구,"Python, 백엔드/서버개발, 앱개발, 웹개발, 유지보수 외 수정일 24/01/03"
47367471,Backend Server 개발자 모집,경기수원시 영통구,"Python, 백엔드/서버개발, 네트워크, 미들웨어, Java 외 수정일 24/01/15"
47301235,데이터 분석가,서울전체,"Python, 데이터분석가, SE(시스템엔지니어), 데이터마이닝, 데이터시각화 외 수정일 24/01/12"
47391710,소프트웨어 개발 신입 계약직 채용 (정규직 전환 가능),서울서초구,"Python, 백엔드/서버개발, 머신러닝, S/W, AWS 외 등록일 24/01/17"
47192992,크리스몰 백엔드 개발자 채용공고,서울강남구,"Python, 백엔드/서버개발, 프론트엔드, AWS, Java 외 등록일 23/12/18"
47284037,"javascript, java분야 개발자 모집",경기성남시 수정구,"Python, 백엔드/서버개발, 웹개발, Java, Linux 외 등록일 24/01/03"
47299536,백엔드 개발자 추가 채용 [강남구],서울강남구,"Python, 백엔드/서버개발, 웹개발, 프론트엔드, DBA 외 수정일 24/01/12"
47388280,스튜디오리얼라이브(SME자회사) 메타버스 콘텐츠 제작 유닛 채용,서울강남구,"Python, 모델링, VR(가상현실), AD(아트디렉터), 애니메이터 외 수정일 24/01/17"
47335587,"각 부문 신입 및 경력 채용 (영업기획, H/W, F/W)",경기안양시 동안구,"Python, 알고리즘, 펌웨어, H/W, S/W 외 수정일 24/01/11"
47354451,"DX본부_ IT 경력 채용 ""백엔드개발, 서비스기획, 데이터분석""",서울강남구,"Python, 백엔드/서버개발, 보안컨설팅, 유지보수, 정보보안 외 수정일 24/01/12"
47372328,2024년 정보보안 모의해킹/화이트해커 신입 채용,서울금천구,"Python, 정보보안, 모의해킹, 악성코드, 취약점진단 외 등록일 24/01/15"
47388087,패션 플랫폼 [스스므] AI 기반 백엔드 개발 & 프롬프트 엔지니어,서울마포구,"Python, 백엔드/서버개발, AI(인공지능), Java, React 외 수정일 24/01/16"
47274714,JAVA개발/컨텐츠개발/Frontend/Backend개발 채용,서울송파구,"Python, 데이터분석가, 백엔드/서버개발, 유지보수, 프론트엔드 외 수정일 24/01/02"
47373745,함께 성장할 소프트웨어/웹 백엔드 개발자를 모집합니다.,경기고양시 일산서구,"Python, 백엔드/서버개발, 웹개발, 머신러닝, 빅데이터 외 등록일 24/01/15"
47384866,[H2O KOREA] 예약사업부 개발팀 백엔드 개발자 모집,서울강남구,"Python, 백엔드/서버개발, 웹개발, 프론트엔드, DBA 외 등록일 24/01/16"
47159212,상반기 - 인공지능(AI)·빅데이터 개발팀 - -책임감 강한 자,서울영등포구,"Python, 데이터분석가, 데이터라벨링, 데이터마이닝, 데이터시각화 외 수정일 23/12/12"
47371491,자바 웹개발자 채용,서울성동구,"Python, 웹개발, Java, JSP, 프론트엔드 외 수정일 24/01/15"
47320082,(주)서율컨설팅 부산 개발팀 부문별 모집,부산해운대구,"Python, 데이터분석가, 백엔드/서버개발, 앱개발, 웹개발 외 수정일 24/01/17"
46341376,차량 SW · ICT · 경영지원 부문 채용,서울강남구,"Python, 기술지원, 데이터분석가, 백엔드/서버개발, 보안컨설팅 외 수정일 23/09/27"
47332102,[나이스평가정보/통계전공자] 금융사 통계분석 지원,서울영등포구,"Python, 데이터분석가, 빅데이터, R, SAS 외 수정일 24/01/15"
47383909,[CJ] CJ올리브영 데이터인텔리전스팀 Data Analyst,서울전체,"Python, 데이터분석가, 데이터엔지니어, R, SQL 외 수정일 24/01/16"
47352762,채권운용부문 리서치 인턴 채용공고,서울영등포구,"Python, R, 채권관리, OA, 리서치 외 수정일 24/01/11"
47341261,서울아산병원 의생명공학 & 의료정보학 연구실 연구원 모집,서울송파구,"Python, 머신러닝, AI(인공지능), 연구원, 제약/바이오 외 수정일 24/01/10"
47027837,[넛지헬스케어] 백엔드개발 채용전환형 인턴,서울강남구,"Python, 백엔드/서버개발, 앱개발, 웹개발, 웹마스터 외 수정일 24/01/16"
47356092,[상장사/성수동] ITSM 프로젝트 수행 인력 (경력/신입),서울성동구,"Python, 기술지원, 백엔드/서버개발, 앱개발, 웹개발 외 등록일 24/01/11"
47223988,[클라우드네트웍스] 클라우드시스템 엔지니어 모집 (신입/경력),서울강남구,"Python, 기술지원, 데이터엔지니어, 유지보수, DBA 외 수정일 23/12/21"
47385095,"임베디드 개발 부문의 신입, 경력 직원을 모집합니다",경기안양시 만안구,"Python, 데이터엔지니어, 미들웨어, 임베디드, 펌웨어 외 등록일 24/01/16"
47381036,AI/DX융합개발부문 데이터 라벨링 인력 모집,대구수성구,"Python, 백엔드/서버개발, 딥러닝, 솔루션, S/W 외 등록일 24/01/16"
47337322,[코스닥 상장사] 하이로닉 AI혁신팀 정규직 채용,경기용인시 수지구,"Python, 솔루션, OCR, RPA, AI(인공지능) 외 수정일 24/01/09"
47349710,[코스닥 상장사] 하이로닉 AI기반 데이터 Analyst 정규직 채용,경기용인시 수지구,"Python, 데이터분석가, 데이터엔지니어, 데이터라벨링, 데이터마이닝 외 수정일 24/01/15"
47358468,[대전]리튬배터리 전문기업 각 부문별 사원모집 공고,대전유성구,"Python, 백엔드/서버개발, 검색엔진, 네트워크, S/W 외 수정일 24/01/12"
47306785,[직영] DYB최선어학원 각 부문 STAFF 모집,서울강남구,"Python, 영상처리, Ajax, AWS, HTML 외 수정일 24/01/07"
47230636,㈜피아이이 신입/경력사원 공개채용,경기화성시,"Python, 기술지원, 데이터분석가, 데이터엔지니어, 유지보수 외 수정일 23/12/28"
47073607,(주)우보재난시스템 2023년 하반기 공개채용 (신입/경력) 재공고,경기성남시 중원구,"Python, 기술지원, 웹개발, 유지보수, 솔루션 외 등록일 23/11/29"
47349376,Java 기반 웹시스템 개발,부산해운대구,"Python, 백엔드/서버개발, 웹개발, 웹마스터, 유지보수 외 수정일 24/01/11"
47371843,[로봇스타트업] 로보틱스 임베디드 엔지니어 모집 (신입/경력),경기광명시,"Python, 알고리즘, 임베디드, 펌웨어, API 외 수정일 24/01/15"
47277191,[에듀테크 스타트업 오누이] 분야별 채용,서울마포구,"Python, 기술지원, 데이터분석가, 데이터엔지니어, 백엔드/서버개발 외 수정일 24/01/04"
47343658,2024년 상반기 지역·산업 맞춤형 인력양성 사업 채용예정자 과정 교육생 모집,세종특별자치시,"Python, 데이터분석가, 데이터엔지니어, 웹개발, 머신러닝 외 수정일 24/01/15"
47385950,[인포스탁] IT팀 신입/경력 개발자 모집공고,경기성남시 분당구,"Python, 앱개발, API, Java, 증권사 외 등록일 24/01/16"
47385642,건양대학교병원 의료데이터연구단 전산직(연구원) 모집,대전서구,"Python, 머신러닝, 빅데이터, AI(인공지능), R 외 수정일 24/01/16"
47374558,[아이투프럼] R&D 연구소 연구원 모집 (신입),서울강남구,"Python, 백엔드/서버개발, 앱개발, 웹개발, QA/테스터 외 등록일 24/01/15"
47372915,"VB.NET, C# 자동제어, 비젼, PLC 프로그래머 모집",경기안양시 동안구,"Python, 백엔드/서버개발, 앱개발, 웹개발, 프론트엔드 외 수정일 24/01/15"
47322755,2024년 ㈜메디씽큐 각 부문 신입 및 경력 채용,경기성남시,"Python, 기술지원, 데이터분석가, 데이터엔지니어, 백엔드/서버개발 외 수정일 24/01/08"
47326121,(주)다츠 채용 공고,부산금정구,"Python, 백엔드/서버개발, 웹개발, 네트워크, AWS 외 등록일 24/01/08"
47392786,[인턴] ML Engineer,서울서초구,"Python, 백엔드/서버개발, 앱개발, 프론트엔드, AWS 외 수정일 24/01/17"
47364991,휴맥스네트웍스 2024년 각 부문 신입 채용,경기성남시 분당구,"프론트엔드, 네트워크, 미들웨어, 임베디드, H/W 외 수정일 24/01/15"
47353343,하이투자증권(주) 각 부문별 경력직 채용,서울영등포구,"기술지원, 데이터분석가, 데이터엔지니어, 정보보안, IT컨설팅 외 수정일 24/01/12"
47271625,AI 농산물 검사시스템 개발 스타트업 신기술개발팀 팀원(연구원) 채용,경기성남시 수정구,"기술지원, 데이터분석가, 데이터엔지니어, 데이터라벨링, 데이터마이닝 외 수정일 24/01/04"
47089940,[국비무료IT취업]자바/웹앱/프론트·백엔드/풀스택/빅데이터 외,서울전체,"데이터분석가, 데이터엔지니어, 앱개발, 웹개발, 웹마스터 외 수정일 24/01/17"
47383997,IT개발·데이터(웹개발&프론트엔드 외 1개 부문) 채용,경남김해시,"백엔드/서버개발, 웹개발, 프론트엔드, ASP, JSP 외 등록일 24/01/16"
47362110,"[판교] HL만도 2024년 계약직 채용(연구보조, 서무행정)",경기성남시 분당구,"재무회계, 회계, 재무, 자동차부품 수정일 24/01/12"
47395103,[원익IPS] 반도체장비 엔지니어 전문연구요원 인재풀 채널,경기평택시,"로봇엔지니어, 연구원, R&D, 기술연구, 로봇설계 외 등록일 24/01/17"
47255293,㈜아이디어키 2024년 상반기 신입/경력 채용,서울강남구,"영업관리, 영업직, 광고영업, 네트워크영업, 영업마케팅 외 수정일 24/01/17"
47378601,회계팀 사무보조(인턴) 채용,서울금천구,"경리사무원, 영업지원, 회계, 소프트웨어개발 등록일 24/01/15"
47376276,신약 개발 R&D 연구원 채용 모집 (정규직 전환 인턴),서울성동구,"연구원, R&D, 제약/바이오, AI(인공지능), 의약·제약 외 등록일 24/01/15"
47364107,콘텐츠 기획/운영 정규직 채용[신입/경력],서울종로구,"마케팅기획, 마케팅전략, 행사기획, SNS마케팅, 콘텐츠기획 외 수정일 24/01/12"
47291005,[알라딘] 백엔드 엔지니어 경력직 채용,서울중구,"Python, 앱개발, 웹개발, QA/테스터, 웹표준·웹접근성 외 수정일 24/01/03"
47291117,[알라딘] DBA 경력직 채용,서울중구,"Python, RDBMS, AWS, Azure, Hadoop 외 수정일 24/01/03"
47138074,[쿠팡] Business Analyst (비즈니스 데이터 분석) 경력자,서울송파구,"Python, 데이터분석가, 빅데이터, 통계/분석, 경영기획 외 등록일 23/12/08"
47207837,[쿠팡] Senior Business Analysis (SCM Autonomation),서울송파구,"Python, 데이터분석가, 빅데이터, 솔루션, SQL 외 등록일 23/12/19"
47207239,"Senior, Back-end Engineer (Catalog Knowledge)",서울전체,"Python, 백엔드/서버개발, 웹개발, DBA, SE(시스템엔지니어) 외 수정일 24/01/12"
47210542,"Staff, Security Engineer (IAM Solutions) 채용",서울송파구,"Python, 정보보안, 솔루션, 트러블슈팅, API 외 등록일 23/12/19"
47270162,[쿠팡] 쿠팡플레이 데이터 엔지니어 (경력),서울송파구,"Python, 데이터분석가, 데이터엔지니어, 백엔드/서버개발, 데이터라벨링 외 등록일 24/01/01"
47270157,[쿠팡] 쿠팡플레이 Automation QA 엔지니어 (경력),서울송파구,"Python, QA/테스터, Java, SQA, API 외 등록일 24/01/01"
47309411,"Senior, Identity & Access Management Engineer 채용",서울송파구,"Python, 정보보안, 유지보수, 솔루션, Azure 외 등록일 24/01/05"
47319948,"[쿠팡] Principal, Business Analyst (Home Living & Leisure)",서울송파구,"Python, 데이터분석가, 빅데이터, R, 전자상거래 외 등록일 24/01/08"
47095625,[인텔리전스랩스] 백엔드 개발자,경기성남시 분당구,"Python, 백엔드/서버개발, 네트워크, 클라우드, AWS 외 등록일 23/12/01"
47096413,[메이플스토리 월드] 백엔드 개발자,경기성남시 분당구,"Python, 백엔드/서버개발, 네트워크, 클라우드, API 외 등록일 23/12/01"
47327260,[네오플] 프로그래밍/기술지원 직군 분야별 모집,제주제주시,"Python, 게임개발, 백엔드/서버개발, 네트워크, 액션스크립트 외 등록일 24/01/08"
47036532,[사람인] 플랫폼 Data Analyst,서울구로구,"Python, 데이터분석가, 데이터시각화, 데이터분석, SQL 외 수정일 24/01/02"
47314428,한국생산기술연구원 제조AI연구센터(인천/천안) 연구별정 채용,인천연수구,"Python, 데이터분석가, 데이터라벨링, 데이터마이닝, 데이터시각화 외 수정일 24/01/06"
47204651,(주)이노룰스 AI 플랫폼을 위한 모델링/개발 상시채용,서울송파구,"Python, 데이터분석가, 데이터엔지니어, DBA, IT컨설팅 외 수정일 23/12/19"
47385647,알고리즘 영상처리 개발자,서울강남구,"Python, 데이터분석가, 딥러닝, 머신러닝, 블록체인 외 수정일 24/01/17"
47381052,[넛지헬스케어] 데이터분석 담당 산업기능요원 (병역특례),서울강남구,"Python, 기술지원, 데이터분석가, 데이터엔지니어, 백엔드/서버개발 외 등록일 24/01/16"
47385616,[MDS테크] NVIDIA AI 플랫폼 기술지원 FAE,경기전체,"Python, 기술지원, C++, C언어, FAE 외 수정일 24/01/17"
47297695,[ISTQB 교육/자격시험 지원]SW 테스트 엔지니어 모집(게임플랫폼),경기성남시 분당구,"Python, 게임개발, 기술지원, 데이터분석가, 데이터엔지니어 외 수정일 24/01/04"
47394242,[CI] 현대캐피탈 본사 Data Science팀(회계/사무) 채용,서울중구,"Python, Java, Javascript, 경리, 경리사무원 외 등록일 24/01/17"
47346723,Software I&V Engineer 채용 (신입/경력),서울금천구,"Python, 기술지원, 데이터엔지니어, 유지보수, IT컨설팅 외 수정일 24/01/10"
47357677,[신입] 인프라 엔지니어,경기성남시 분당구,"Python, 인프라, 네트워크, RDBMS, SI·시스템통합 수정일 24/01/12"
47367678,해양사업부 (서울) [수치모델링 분야] 채용,서울구로구,"Python, 모델링, 대기환경기사, 수질환경기사, 토목기술자 외 등록일 24/01/14"
47265566,Full Stack 웹개발(신입/경력) 채용,서울구로구,"Python, 백엔드/서버개발, 웹개발, 퍼블리셔, 프론트엔드 외 수정일 23/12/29"
47380624,[오로스테크놀로지] S/W Engineer,경기화성시,"Python, S/W, 알고리즘개발, C++, Matlab 외 등록일 24/01/16"
47378878,[외국계/제약] Data Solution Engineer,서울중구,"Python, 기술지원, 데이터엔지니어, 빅데이터, 헬스케어 외 등록일 24/01/15"
47346914,메타빌드(주) 인공지능 SW개발기술인력 모집,서울서초구,"Python, 백엔드/서버개발, 머신러닝, 클라우드, DevOps 외 수정일 24/01/17"
47065793,ICT사업본부 개발자(프론트엔드/머신비전/MES/FEMS/CMMS) 모집,서울송파구,"Python, 프론트엔드, RDBMS, C#, CSS 외 수정일 23/11/28"
47231757,[슈어소프트테크] 2024년 상반기 경력사원 모집,경기성남시 수정구,"Python, QA/테스터, 딥러닝, 머신러닝, 빅데이터 외 수정일 24/01/05"
47299626,STT/LLM 모델 연구 및 개발자 채용,서울전체,"Python, 백엔드/서버개발, 웹개발, SE(시스템엔지니어), 데이터마이닝 외 수정일 24/01/16"
47318623,시너스텍(주) S/W팀 수시채용,경기성남시 분당구,"Python, S/W, AI(인공지능), C#, C++ 외 등록일 24/01/08"
47342581,[인텍플러스] AI기술파트 SW엔지니어,대전유성구,"Python, 정보보안, 방화벽, VPN, VisualBasic 외 등록일 24/01/10"
40607070,웹풀스택 개발자,서울서초구,"Python, 백엔드/서버개발, 웹개발, 퍼블리셔, 프론트엔드 외 수정일 24/01/12"
47259218,[넛지헬스케어] 데이터분석가 - 석사/박사,서울강남구,"Python, 데이터분석가, 데이터엔지니어, 검색엔진, 네트워크 외 수정일 24/01/16"
47339837,H/W 및 S/W 개발 신입 및 경력직 채용,서울강서구,"Python, 임베디드, H/W, MCU, 회로설계 외 등록일 24/01/10"
47381133,[솔트룩스] AI Labs NLP Research Engineer (전문연 가능),서울강남구,"Python, 챗봇, NLU(자연어이해), AI(인공지능), Pytorch 외 등록일 24/01/16"
47386243,"[K2Webtech] 2024년 전남지사(남악:목포,무안,영암) 개발자 모집",전남무안군,"Python, 웹개발, Java, 유지보수, DBMS 외 등록일 24/01/16"
47309401,국립암센터 인공지능사업팀 과제연구원 채용,경기고양시 일산동구,"Python, 딥러닝, 빅데이터, MariaDB, PostgreSQL 외 수정일 24/01/17"
47273807,딥러닝 영상 인식 Researcher 모집,경기전체,"Python, 데이터분석가, 네트워크, 딥러닝, 머신러닝 외 수정일 24/01/12"
47293072,[홈페이지지원] [2024년 신입·경력 채용] 각 부문,서울강서구,"Python, 기술지원, QA/테스터, S/W, 기술영업 외 등록일 24/01/03"
47332775,[대기업/연봉상향협의] 데이터엔지니어(AWS/GCP),서울중구,"Python, 데이터분석가, 데이터엔지니어, 백엔드/서버개발, 앱개발 외 등록일 24/01/09"
47353043,차세대연구소 엔지니어 신입 및 경력 모집(설계/HW/SW알고리즘),경기성남시 중원구,"Python, 딥러닝, 빅데이터, 알고리즘, H/W 외 수정일 24/01/11"
47371900,IT Infra팀 인프라 엔지니어 모집 (경력 5년 이하),서울강남구,"Python, 네트워크, 인프라, 클라우드, IaaS 외 수정일 24/01/15"
47370477,[미디어젠(주)]2024 백엔드/AI응용개발자 신입/경력(정규직)채용,서울강서구,"Python, AI(인공지능), C++, Java, Linux 외 등록일 24/01/15"
47341075,[Support 부문]IT팀 주문 웹사이트 개발 및 유지보수담당자 모집,대구달성군,"Python, 웹표준·웹접근성, 크로스브라우징, Java, MySQL 외 등록일 24/01/10"
47273841,[전문연구요원] AI 비전 딥러닝 개발자 모집,경기성남시 분당구,"Python, 딥러닝, 머신러닝, 알고리즘, 영상처리 외 수정일 24/01/02"
47343865,[중견기업/IT계열] 금융솔루션사업부 데이터 분석 솔루션 파트,서울강남구,"Python, 웹개발, SI개발, 데이터시각화, 빅데이터 외 등록일 24/01/10"
47343857,[중견기업/IT계열] 금융솔루션사업부 데이터플랫폼팀 DBA/DA,서울강남구,"Python, 웹개발, SI개발, 데이터시각화, 빅데이터 외 등록일 24/01/10"
47379251,Zetta Lab. 개발자 경력직 모집,대구수성구,"Python, 백엔드/서버개발, 웹개발, 정보보안, 프론트엔드 외 수정일 24/01/15"
47353660,펌웨어 및 임베디드 소프트웨어 개발자 채용,울산남구,"Python, 앱개발, 웹개발, SI개발, 솔루션 외 수정일 24/01/12"
47375196,클라우드 DevOps 설계 및 구축 신입/경력사원 영입,서울금천구,"Python, 데이터엔지니어, SE(시스템엔지니어), 클라우드, DevOps 외 등록일 24/01/15"
47263185,소프트웨어 및 하드웨어 개발자 채용,경기군포시,"Python, Windows, Android, C++, Java 외 수정일 23/12/29"
47290700,데이터 엔지니어 (3년 이상),서울중구,"Python, 데이터분석가, 웹개발, SE(시스템엔지니어), 데이터마이닝 외 수정일 24/01/12"
47296108,2024년 상반기 AI 개발자 채용,서울영등포구,"Python, 딥러닝, 머신러닝, 영상처리, AI(인공지능) 외 수정일 24/01/04"
47386357,[부산/경력 3년 이상] 포코팡 시리즈 - 서버 프로그래머,부산해운대구,"Python, 백엔드/서버개발, 유지보수, 인프라, 클라우드 외 등록일 24/01/16"
47210905,"[카카오자회사] 카카오i AI 플랫폼 개발 및 운영 (JAVA, Kotlin)",경기성남시 분당구,"Python, 백엔드/서버개발, 앱개발, 웹개발, API 외 등록일 23/12/19"
47355125,(주)ISTN [SAP 기반 솔루션 및 보안 솔루션 개발자] 채용,서울송파구,"Python, 정보보안, 솔루션, SAP, 아키텍쳐 외 수정일 24/01/11"
47392213,2024 상반기 컨설팅사업부 신입/경력 사원 모집,서울구로구,"Python, IT컨설팅, ICT컨설팅, 컨설턴트, PL(프로젝트리더) 외 수정일 24/01/17"
46966402,[클로봇] 로봇 관제 시스템 설계 개발 리더,경기전체,"Python, 웹개발, 프론트엔드, SE(시스템엔지니어), S/W 외 수정일 24/01/12"
47254313,"[쿠팡CFS] 물류 자동화 로봇(AGV,AMR) S/W 엔지니어",대구달성군,"Python, S/W, C++, Java, Javascript 외 수정일 24/01/01"
47308014,"현대자동차 협력사 (주)마바산업 신입/경력(엔지니어, 디자인외)",서울강남구,"Python, 임베디드, 설계엔지니어, 기획MD, 산업디자인 외 등록일 24/01/05"
47371603,[안진회계법인] RA 경력직 통합 채용,서울영등포구,"Python, 데이터분석가, 데이터마이닝, 빅데이터, 감사 외 등록일 24/01/15"
47385546,소프트웨어 개발,경기용인시 기흥구,"Python, 기술지원, 앱개발, 프론트엔드, 임베디드 외 등록일 24/01/16"
47396678,㈜포스텍 IT기술직 신규사원 모집,경남창원시,"Python, 웹개발, ERP, .NET, C# 외 수정일 24/01/17"
47028355,인프라 운영 관리( 시스템 엔지니어 ) #유연근무#정규직#선릉역,서울강남구,"Python, 유지보수, 정보보안, SE(시스템엔지니어), 검색엔진 외 등록일 23/11/22"
47126814,2023 (주)에이비에이치 AI연구소(연구원급) 채용 (부산),부산해운대구,"Python, 데이터라벨링, 데이터마이닝, 딥러닝, 머신러닝 외 수정일 23/12/06"
47276686,인공지능 교통 시스템 소프트웨어 개발자 채용,서울구로구,"Python, 데이터라벨링, 머신러닝, 컴퓨터비전, AI(인공지능) 외 등록일 24/01/02"
47353805,2024년 빅데이터팀 데이터 엔지니어 신입 채용,서울중구,"Python, 데이터엔지니어, 정보보안, 데이터시각화, 빅데이터 외 수정일 24/01/12"
47383212,[베스핀글로벌 관계사] Cloud SA 영입,서울서초구,"Python, 기술지원, 백엔드/서버개발, 유지보수, SE(시스템엔지니어) 외 등록일 24/01/16"
47319927,웹개발자(Java) 경력직(대리~과장급) 모집,서울강남구,"Python, 백엔드/서버개발, 앱개발, 웹개발, 프론트엔드 외 수정일 24/01/09"
47326333,(주)애니파이브 - 딥러닝 엔지니어 정규직 채용,서울구로구,"Python, 빅데이터, 챗봇, IoT, NLP(자연어처리) 외 등록일 24/01/08"
47334010,[미소정보기술] JAVA/JSP 솔루션 개발자 모집,광주동구,"Python, 웹개발, 네트워크, 빅데이터, Java 외 등록일 24/01/09"
47355423,[주4.5일근무] 인공지능연구소 딥러닝 연구개발자 채용,서울구로구,"Python, 백엔드/서버개발, 웹개발, 데이터마이닝, 데이터시각화 외 등록일 24/01/11"
47368597,웹개발자 채용,서울금천구,"Python, 웹개발, 빅데이터, CSS, Django 외 등록일 24/01/15"
47224843,[재택] LLM 학습데이터 구축 프로젝트 프리랜서 모집,서울강남구,"Python, QA/테스터, Java, 컨텐츠제공 수정일 23/12/21"
47303888,"[Thundersoft Korea] 통신 프로토콜 SW 개발 채용 (신입,경력)",경기화성시,"Python, 백엔드/서버개발, 유지보수, 프론트엔드, 네트워크 외 수정일 24/01/04"
47384256,AMR Software Engineer 신규 충원 건,인천서구,"Python, 프론트엔드, 자율주행, C++, Linux 외 등록일 24/01/16"
47382344,"응용 소프트웨어 개발자(MFC, C++) 모집",서울구로구,"Python, Windows, C++, C언어, MFC 외 등록일 24/01/16"
47323566,(주)넷맨 연구소 신입/경력 모집,서울금천구,"Python, 백엔드/서버개발, 보안컨설팅, 웹개발, 프론트엔드 외 수정일 24/01/08"
47312608,[국비무료]국제무역물류/공급망 관리 ERP/AI실버케어서비스 시스템개발 실무자 양성 과정 모집,부산전체,"Python, 데이터분석가, 데이터엔지니어, 백엔드/서버개발, 앱개발 외 수정일 24/01/11"
47278317,[국비전액무료 / 기숙사지원] 소프트웨어개발 취업연계 교육생,부산남구,"Python, 앱개발, 웹개발, 유지보수, 퍼블리셔 외 수정일 24/01/02"
47358537,AI 풀스택 엔지니어 채용,서울서초구,"Python, 웹개발, 유지보수, 영상처리, API 외 수정일 24/01/13"
47375754,인공지능 소프트웨어 개발 채용,경기전체,"Python, 데이터분석가, 웹개발, SE(시스템엔지니어), 딥러닝 외 수정일 24/01/15"
47291218,JAVA 개발자/기획자 경력사원 채용,서울금천구,"Python, 기술지원, 데이터분석가, 데이터엔지니어, 백엔드/서버개발 외 수정일 24/01/03"
47319408,Data 사업부 Bioinformatics 모집,서울송파구,"Python, Linux, R, 연구원, 고분자 외 수정일 24/01/08"
45922967,주니어 데브옵스 엔지니어(DevOps Engineer),서울서초구,"Python, 백엔드/서버개발, 웹개발, 프론트엔드, SE(시스템엔지니어) 외 수정일 24/01/12"
47173022,[NDSOFT]2024년도 서비스개발부문 채용(서울),서울강남구,"Python, 데이터분석가, 백엔드/서버개발, 웹개발, 데이터마이닝 외 등록일 23/12/13"
47196300,(정규/잠실)클라우드(AWS) 서버 시스템 엔지니어(SE/TA) 모집,서울송파구,"Python, 백엔드/서버개발, SE(시스템엔지니어), 빅데이터, 클라우드 외 수정일 23/12/20"
47206085,Cloud본부 java 개발자 채용 (경력),서울서초구,"Python, 기술지원, 데이터엔지니어, 백엔드/서버개발, 앱개발 외 수정일 24/01/16"
47173046,[NDSOFT]2024년도 서비스개발부문 채용(부산),부산해운대구,"Python, 데이터분석가, 백엔드/서버개발, 웹개발, 데이터마이닝 외 등록일 23/12/13"
47202234,[데이터엔지니어]로 커리어를 급성장시킬 수 있는 곳 '패스오더',부산부산진구,"Python, 데이터분석가, 데이터엔지니어, 백엔드/서버개발, 앱개발 외 수정일 23/12/20"
47391552,시스템 개발자 채용,서울영등포구,"Python, 백엔드/서버개발, 솔루션, 클라우드, 쉘스크립트 외 등록일 24/01/17"
46995097,LASER 자동화 설비 제어 S/W 개발자,경기전체,"Python, S/W, C#, C++, C언어 외 수정일 24/01/12"
47291016,[ 안산 ] back-end 개발자 모십니다,경기안산시 상록구,"Python, 백엔드/서버개발, 웹개발, 딥러닝, 머신러닝 외 수정일 24/01/03"
47348688,(주)바이브온코퍼레이션 데이터 엔지니어 모집 공고,서울마포구,"Python, 데이터분석가, 데이터엔지니어, ETL, AWS 외 등록일 24/01/11"
47359441,로지시스템 기술연구소 2024년 신입-경력사원 모집,경기성남시 분당구,"Python, 데이터분석가, 웹개발, 머신러닝, 라즈베리파이 외 등록일 24/01/12"
47385026,Java / PHP 기반 웹 서비스 개발 인력 모집,서울강남구,"Python, 웹개발, 프론트엔드, 빅데이터, Apache 외 수정일 24/01/17"
47207479,[GOPIZZA] 푸드테크연구소 인공지능/영상처리 개발자(경력직),서울종로구,"Python, 데이터분석가, 데이터엔지니어, 데이터라벨링, 데이터마이닝 외 수정일 24/01/17"
47326660,IT 테스트 개발자 채용,대전유성구,"Python, 기술지원, 데이터분석가, QA/테스터, 모델링 외 수정일 24/01/12"
47350077,[네이버랩스]Computer Vision&Deep Learning Engineer(자율주행),경기성남시 분당구,"Python, 딥러닝, 머신러닝, 자율주행, 컴퓨터비전 외 수정일 24/01/11"
47350130,[네이버랩스]Computer Vision&Deep Learning Engineer(로보틱스),경기성남시 분당구,"Python, 딥러닝, 컴퓨터비전, C++, C언어 외 수정일 24/01/11"
47192240,학습관리시스템(LMS) 개발하실 친근한 개발자 모십니다,서울금천구,"Python, 웹개발, 유지보수, 솔루션, Git 외 수정일 24/01/17"
47071429,데이터 분석가,경기전체,"Python, 데이터분석가, 웹개발, DBA, SE(시스템엔지니어) 외 수정일 24/01/12"
47245021,[하이퍼커넥트] 2024 AI/ML 신입 - ML Software Engineer,서울강남구,"Python, 데이터라벨링, 딥러닝, 머신러닝, 모델링 외 수정일 23/12/29"
47241769,[딥브레인AI] Back-End 개발자 채용 (병특가능),서울강남구,"Python, 백엔드/서버개발, DBMS, Nginx, Apache 외 등록일 23/12/26"
47353213,소프트웨어 개발자 신입/경력사원 공개 채용,대전유성구,"Python, 백엔드/서버개발, SI개발, 머신러닝, 쉘스크립트 외 수정일 24/01/11"
47356527,2024년 퍼블리셔 채용공고,인천부평구,"Python, 퍼블리셔, API, CSS, Django 외 수정일 24/01/11"
47380327,(주) 알엠소프트 AI/빅데이터 채용(신입),대구동구,"Python, 기술지원, 데이터엔지니어, SI개발, 검색엔진 외 등록일 24/01/16"
47385078,AI 연구원,서울서대문구,"Python, 데이터분석가, 딥러닝, 머신러닝, 블록체인 외 등록일 24/01/16"
47392669,[신입/경력] 스마트팜 AI연구원 채용,서울송파구,"Python, 딥러닝, 머신러닝, 빅데이터, 알고리즘 외 등록일 24/01/17"
47222220,[KSTEC] 소프트웨어 프로그래머 신입사원 채용,경기성남시 분당구,"Python, 웹개발, 빅데이터, AI(인공지능), C++ 외 등록일 23/12/21"
47261175,리얼패킹 크로스플랫폼 앱 개발자 모집,서울마포구,"Python, 앱개발, 영상처리, 이미지프로세싱, 컴퓨터비전 외 등록일 23/12/29"
47281421,SOC Application Engineer,경기성남시 분당구,"Python, SE(시스템엔지니어), SI개발, 임베디드, 자율주행 외 등록일 24/01/02"
47310840,봉준호 감독 글로벌 장편 3D 애니메이션 신입 및 경력 TD 모집,서울강남구,"Python, 데이터엔지니어, 백엔드/서버개발, 데이터시각화, 빅데이터 외 수정일 24/01/05"
47378695,"로봇 SW 개발자(미들웨어, 자율주행 등) 모집",경기성남시 중원구,"Python, 백엔드/서버개발, 웹개발, 솔루션, 자율주행 외 수정일 24/01/15"
47344444,이커머스 SW 테스트 엔지니어 모집(QA),서울강남구,"Python, QA/테스터, SQA, Javascript, PHP 외 수정일 24/01/17"
47389441,AI 기반 영상 및 데이터 처리 연구 인력 채용(연구원급),인천연수구,"Python, 딥러닝, 머신러닝, 빅데이터, 영상처리 외 수정일 24/01/17"
47266024,풀스택 주니어 개발자,서울강남구,"Python, 백엔드/서버개발, 웹개발, 퍼블리셔, 프론트엔드 외 수정일 24/01/12"
47321926,딥러닝/3D 비전/Data Scientist 병역특례(전문연구요원),서울중구,"Python, 데이터엔지니어, 정보보안, 딥러닝, 머신러닝 외 등록일 24/01/08"
47337168,[AIMMO] 백엔드 개발팀,경기전체,"Python, 백엔드/서버개발, 웹개발, 딥러닝, 머신러닝 외 수정일 24/01/12"
47385382,건양대학교병원 의생명연구원 연구지원팀 연구원(석사급이상),대전서구,"Python, 머신러닝, 빅데이터, AI(인공지능), R 외 수정일 24/01/16"
45478853,서버/백엔드 신입 및 경력,경기전체,"Python, 백엔드/서버개발, 웹개발, 프론트엔드, DBA 외 수정일 24/01/12"
47063491,미술인지심리연구소 -심리데이터 모델링 담당자 채용(사원/대리),서울강남구,"Python, 데이터분석가, 미술치료사, 심리치료사, 연구원 외 수정일 24/01/03"
47151074,[경력]AI사업본부 개발직군 채용(인공지능 개발),서울강남구,"Python, 딥러닝, 머신러닝, 솔루션, 신경망 외 수정일 23/12/26"
47156140,데브옵스(DevOps) 엔지니어(신입/1년 이상),서울성동구,"Python, 백엔드/서버개발, 웹개발, DBA, SE(시스템엔지니어) 외 수정일 24/01/12"
47237820,AI 솔루션 기술지원 및 유지보수 개발,서울강남구,"Python, 기술지원, 백엔드/서버개발, 웹개발, 프론트엔드 외 수정일 24/01/12"
47235707,AI Engineer : 의료영상 알고리즘 개발 (전문연구요원 가능),서울강남구,"Python, 데이터분석가, 머신러닝, AI(인공지능), Tensorflow 외 등록일 23/12/26"
47267093,[헥스콘] 디자인/마케팅 기반 노코드 프로랜서 모집 및 육성,경남창원시,"Python, 퍼블리셔, 액션스크립트, CSS, HTML 외 등록일 23/12/30"
47299463,(주)모멘티 에이전시 백엔드 개발자 추가 채용 [강남구],서울강남구,"Python, 백엔드/서버개발, 웹개발, Ajax, Django 외 등록일 24/01/04"
47322448,응용 SW 개발자 (주니어),서울강남구,"Python, 웹개발, 프론트엔드, S/W, C++ 외 수정일 24/01/12"
47375577,프른트엔드 백엔드 개발자 채용,서울구로구,"Python, 백엔드/서버개발, 웹개발, 프론트엔드, 블록체인 외 등록일 24/01/15"
47387651,분석 서비스(NLP) 개발,서울강남구,"Python, 딥러닝, NLP(자연어처리), NLU(자연어이해), AI(인공지능) 외 등록일 24/01/16"
47387714,음성 개발,서울강남구,"Python, 백엔드/서버개발, 딥러닝, 음성인식, NLP(자연어처리) 외 등록일 24/01/16"
47390689,데이터 분석가(주니어),서울강남구,"Python, 데이터분석가, 데이터엔지니어, SQL, PostgreSQL 외 등록일 24/01/17"
47258017,[경기/안산/시흥/인천] 국비지원 교육연수생 모집(취업연수안내),경기안산시 단원구,"Python, 게임개발, 데이터분석가, 데이터엔지니어, 백엔드/서버개발 외 수정일 24/01/01"
47293586,"마케팅 분야 / FPGA, SoC 및 RF분야 채용 공고",서울서초구,"Python, 모델링, 알고리즘, 정보통신, 인터페이스 외 수정일 24/01/04"
47295661,연구개발전담부서 연구원 및 전략기획팀 채용,서울서초구,"Python, 프론트엔드, 모델링, 자율주행, API 외 수정일 24/01/04"
47244396,"음악 모니터링 데이터 통계 및 분석, insight 도출",서울노원구,"Python, 데이터분석가, 데이터시각화, 빅데이터, R 외 수정일 23/12/29"
47280676,[경력] 전력전자 시스템 개발자 정규직 채용,경기성남시 분당구,"Python, H/W, IoT, MCU, C++ 외 수정일 24/01/03"
47303699,딥러닝 / AI 연구 개발자 모집,서울서초구,"Python, 데이터분석가, 앱개발, 딥러닝, 머신러닝 외 수정일 24/01/11"
47317365,개발자 신입/경력 채용,서울관악구,"Python, 데이터엔지니어, 백엔드/서버개발, 웹개발, ICT컨설팅 외 수정일 24/01/08"
47317930,React-Native 프론트엔드 개발자 모집,서울성북구,"Python, 앱개발, 웹개발, 프론트엔드, Android 외 수정일 24/01/12"
47355133,한국무역통계진흥원(전략기획 부문)정규직 채용(신입 또는 경력),서울강남구,"Python, 데이터마이닝, 딥러닝, 머신러닝, 모델링 외 등록일 24/01/11"
47367882,"[Tesla] Sales Analyst, Seoul, Korea",서울강남구,"Python, 데이터분석가, 데이터마이닝, 데이터시각화, SQL 외 수정일 24/01/14"
47391050,앱 개발자 경력직 채용,경기성남시 분당구,"Python, 앱개발, API, Android, iOS 외 수정일 24/01/17"
47317092,[병역특례] 인공지능연구원 (전문연구요원),서울강남구,"Python, 백엔드/서버개발, 웹개발, 프론트엔드, 머신러닝 외 등록일 24/01/07"
47385221,웹 프론트엔드/백엔드 개발자 모집,경기광명시,"Python, 웹개발, 프론트엔드, 클라우드, AWS 외 등록일 24/01/16"
47392339,[선재소프트] DBMS 기술지원 신입/경력직 채용,서울영등포구,"Python, 기술지원, SE(시스템엔지니어), 솔루션, 트러블슈팅 외 등록일 24/01/17"
47391158,백엔드(Backend) 소프트웨어 엔지니어 채용,서울구로구,"Python, 백엔드/서버개발, 앱개발, 웹개발, 알고리즘 외 수정일 24/01/17"
44854622,헥토 그룹 경력/신입 인재 영입,서울강남구,"Python, 데이터분석가, 백엔드/서버개발, 앱개발, 웹개발 외 수정일 23/01/16"
47394675,커머스 플랫폼 - 백엔드 개발자,서울중구,"Python, 백엔드/서버개발, 웹개발, 퍼블리셔, 프론트엔드 외 등록일 24/01/17"
47394498,[TmaxCloud] 기술직군(기술지원 엔지니어/정보보호보안/QA) 채용,경기성남시 분당구,"Python, 기술지원, 백엔드/서버개발, 정보보안, 프론트엔드 외 등록일 24/01/17"
47274977,(주)소프트위즈 DBA 모집,서울강남구,"Python, 데이터분석가, 머신러닝, 빅데이터, 클라우드 외 수정일 24/01/04"
47250463,[제이어스] 자바 백엔드 개발자 모집 (부산),부산사상구,"Python, 백엔드/서버개발, 네트워크, 빅데이터, 인프라 외 수정일 23/12/27"
47309033,퀀트 트레이더/개발자 모집,서울강남구,"Python, 백엔드/서버개발, 웹개발, 프론트엔드, FPGA 외 수정일 24/01/12"
47357340,제품 기구 설계자(부산근무),부산사상구,"Python, 라즈베리파이, 아두이노, 임베디드리눅스, 로봇설계 외 수정일 24/01/12"
47357596,제품 소프트웨어 개발자 모집 (부산 근무),부산사상구,"Python, 라즈베리파이, 아두이노, 임베디드리눅스, 기술연구 외 등록일 24/01/12"
47018521,스마트팩토리 SW 개발자 채용(신입/경력),대구달서구,"Python, 데이터분석가, 백엔드/서버개발, 앱개발, 웹개발 외 수정일 23/11/21"
47352960,"[도쿄근무]백엔드,서버 개발자 모집(일본어 필수)",일본일본,"Python, 백엔드/서버개발, 웹개발, 웹마스터, 프론트엔드 외 등록일 24/01/11"
47360055,개발팀 AI 플랫폼 개발자 공개 채용(신입),부산해운대구,"Python, 백엔드/서버개발, 딥러닝, 머신러닝, 클라우드 외 등록일 24/01/12"
47365558,프론트엔드(Vue.js) 개발자 채용,대구달서구,"Python, 백엔드/서버개발, 앱개발, 웹개발, 프론트엔드 외 수정일 24/01/13"
47150837,"아트만파트너스 개발자(Web, RPA, ERP) 모집 공고",서울강남구,"Python, 백엔드/서버개발, 솔루션, OCR, RPA 외 등록일 23/12/11"
47208273,소프트웨어 개발 엔지니어 (코딩교육도구) 채용 공고,서울전체,"Python, 백엔드/서버개발, 웹개발, 퍼블리셔, 프론트엔드 외 수정일 24/01/12"
47301478,백엔드 개발자 - Gracy,서울강남구,"Python, 백엔드/서버개발, 웹개발, DBA, SE(시스템엔지니어) 외 수정일 24/01/12"
47300298,"연구소 개발자 채용 (학사이상, 석사이상)",서울구로구,"Python, 유지보수, 딥러닝, 솔루션, 알고리즘 외 등록일 24/01/04"
47314768,알지티 개발직군,서울금천구,"Python, 프론트엔드, 임베디드, 컴퓨터비전, 펌웨어 외 등록일 24/01/06"
47335686,Cloud Security Engineer (신입/경력),서울강남구,"Python, 백엔드/서버개발, 웹개발, QA/테스터, SE(시스템엔지니어) 외 수정일 24/01/12"
47378727,웹프로그래머 채용 공고,인천부평구,"Python, 웹개발, PHP, 유지보수, 솔루션 외 등록일 24/01/15"
47207154,(주)서율컨설팅 서울 개발팀 부문별 모집,서울송파구,"Python, 데이터분석가, 백엔드/서버개발, 앱개발, 웹개발 외 수정일 24/01/17"
47247166,[니프코코리아] SYSTEM 개발 채용,충남아산시,"Python, 백엔드/서버개발, 보안컨설팅, Android, C# 외 등록일 23/12/27"
